{"/home/cai/Downloads/wikiart_sargent/sargent_007.jpg": false, "/home/cai/Downloads/wikiart_sargent/sargent_043.jpg": false, "/home/cai/Downloads/wikiart_sargent/sargent_057.jpg": false, "/home/cai/Downloads/wikiart_sargent/sargent_044.jpg": false, "/home/cai/Downloads/wikiart_sargent/sargent_075.jpg": false, "/home/cai/Downloads/wikiart_sargent/sargent_103.jpg": false, "/home/cai/Downloads/wikiart_sargent/sargent_060.jpg": false, "/home/cai/Downloads/wikiart_sargent/sargent_120.jpg": false, "/home/cai/Downloads/wikiart_sargent/sargent_074.jpg": false, "/home/cai/Downloads/wikiart_sargent/sargent_059.jpg": false, "/home/cai/Downloads/wikiart_sargent/sargent_136.jpg": false, "/home/cai/Downloads/wikiart_sargent/sargent_072.jpg": false, "/home/cai/Downloads/wikiart_sargent/sargent_132.jpg": false, "/home/cai/Downloads/wikiart_sargent/sargent_003.jpg": false, "/home/cai/Downloads/wikiart_sargent/sargent_036.jpg": false, "/home/cai/Downloads/wikiart_sargent/sargent_064.jpg": false, "/home/cai/Downloads/wikiart_sargent/sargent_009.jpg": false, "/home/cai/Downloads/wikiart_sargent/sargent_093.jpg": false, "/home/cai/Downloads/wikiart_sargent/sargent_082.jpg": false, "/home/cai/Downloads/wikiart_sargent/sargent_110.jpg": false, "/home/cai/Downloads/wikiart_sargent/sargent_026.jpg": false, "/home/cai/Downloads/wikiart_sargent/sargent_135.jpg": false, "/home/cai/Downloads/wikiart_sargent/sargent_098.jpg": false, "/home/cai/Downloads/wikiart_sargent/sargent_017.jpg": false, "/home/cai/Downloads/wikiart_sargent/sargent_089.jpg": false, "/home/cai/Downloads/wikiart_sargent/sargent_005.jpg": false, "/home/cai/Downloads/wikiart_sargent/sargent_004.jpg": false, "/home/cai/Downloads/wikiart_sargent/sargent_079.jpg": false, "/home/cai/Downloads/wikiart_sargent/sargent_144.jpg": false, "/home/cai/Downloads/wikiart_sargent/sargent_146.jpg": false, "/home/cai/Downloads/wikiart_sargent/sargent_032.jpg": false, "/home/cai/Downloads/wikiart_sargent/sargent_086.jpg": false, "/home/cai/Downloads/wikiart_sargent/sargent_046.jpg": false, "/home/cai/Downloads/wikiart_sargent/sargent_129.jpg": false, "/home/cai/Downloads/wikiart_sargent/sargent_139.jpg": false, "/home/cai/Downloads/wikiart_sargent/sargent_147.jpg": false, "/home/cai/Downloads/wikiart_sargent/sargent_113.jpg": false, "/home/cai/Downloads/wikiart_sargent/sargent_062.jpg": false, "/home/cai/Downloads/wikiart_sargent/sargent_143.jpg": false, "/home/cai/Downloads/wikiart_sargent/sargent_130.jpg": false, "/home/cai/Downloads/wikiart_sargent/sargent_012.jpg": false, "/home/cai/Downloads/wikiart_sargent/sargent_080.jpg": false, "/home/cai/Downloads/wikiart_sargent/sargent_106.jpg": false, "/home/cai/Downloads/wikiart_sargent/sargent_083.jpg": false, "/home/cai/Downloads/wikiart_sargent/sargent_058.jpg": false, "/home/cai/Downloads/wikiart_sargent/sargent_028.jpg": false, "/home/cai/Downloads/wikiart_sargent/sargent_030.jpg": false, "/home/cai/Downloads/wikiart_sargent/sargent_114.jpg": false, "/home/cai/Downloads/wikiart_sargent/sargent_119.jpg": false, "/home/cai/Downloads/wikiart_sargent/sargent_125.jpg": false, "/home/cai/Downloads/wikiart_sargent/sargent_123.jpg": false, "/home/cai/Downloads/wikiart_sargent/sargent_104.jpg": false, "/home/cai/Downloads/wikiart_sargent/sargent_053.jpg": false, "/home/cai/Downloads/wikiart_sargent/sargent_128.jpg": false, "/home/cai/Downloads/wikiart_sargent/sargent_076.jpg": false, "/home/cai/Downloads/wikiart_sargent/sargent_097.jpg": false, "/home/cai/Downloads/wikiart_sargent/sargent_029.jpg": false, "/home/cai/Downloads/wikiart_sargent/sargent_073.jpg": false, "/home/cai/Downloads/wikiart_sargent/sargent_027.jpg": false, "/home/cai/Downloads/wikiart_sargent/sargent_142.jpg": false, "/home/cai/Downloads/wikiart_sargent/sargent_041.jpg": false, "/home/cai/Downloads/wikiart_sargent/sargent_088.jpg": false, "/home/cai/Downloads/wikiart_sargent/sargent_020.jpg": false, "/home/cai/Downloads/wikiart_sargent/sargent_078.jpg": false}