[
    {
        "id": "wiki-art_sargent",
        "type": "local",
        "crop": false,
        "crop_style": "center",
        "crop_aspect": "square",
        "minimum_image_size": 0,
        "maximum_image_size": 2.359296,
        "target_downsample_size": 1.048576,
        "resolution": 1.048576,
        "resolution_type": "area",
        "cache_dir_vae": "cache/vae/sd3/wiki-art_sargent",
        "instance_data_dir": "/home/cai/Downloads/wikiart_sargent",
        "disabled": false,
        "skip_file_discovery": "",
        "caption_strategy": "filename",
        "metadata_backend": "discovery",
        "vae_cache_clear_each_epoch": true
    },
    {
        "id": "text-embeds",
        "type": "local",
        "dataset_type": "text_embeds",
        "default": true,
        "cache_dir": "cache/text/sd3/wiki-art_sargent",
        "disabled": false,
        "write_batch_size": 32
    }
]